Title,Author,File_Format,APA_Citation,Link,Year,Description,Association,Link_Owner,Particularly_Helpful,DS_Climate,DS_Soils_and_Geology,DS_Hydrography_and_Floodplains,DS_Water_Quantity,DS_Water_Quality,DS_Topography_and_Bathymetry,DS_Vegetation,DS_Land_Use_and_Land_Cover,DS_Aerial_Photogrammetry,HY_Stream_gages,HY_Download_data,HY_Visualize_time_series,HY_Compute_statistics,HY_Ungaged_gage_transfer_regional_regressions,HY_Bankfull_Regional_Curves,HY_Flood_Frequency,HY_Flow_Duration,HY_Rainfall_Runoff_Analysis,HY_Flood_Routing,HY_Peak_flows,HS_Normal_depth_for_1D_steady_uniform_flow,HS_Critical_depth_for_1D_steady_uniform_flow,HS_1D_hydraulics,HS_2D_Hydraulics,HS_Computational_Fluid_Dynamics,HS_Stormwater_and_Pipe_Flows,HS_Hydraulic_roughness,HS_Rating_curve,HS_Hydraulic_parameters,HS_Simple_backwater_profiles,HS_SW_GW_Hydraulics,S_Particle_size_analysis,S_Pebble_counts_and_bar_samples,S_Incipient_motion,S_Sediment_competence,S_Sediment_Supply_Yield,S_Sediment_Transport_Capacity,S_Effective_discharge,S_Scour,S_Aerial_Photogrammetry,S_Bed_and_Bank_Erosion,G_Hydraulic_geometry,G_Planform_geometry,G_Bed_evolution,G_Channel_change_indices,G_Geomorphic_Features,AG_Natural_Channel_Design,AG_Instream_Structures,AG_Large_Wood,AG_Stabilization,AG_Restoration_Planning_Site_Evaluation
303D Impaired Waters and TMDLs Info,EPA,website,"Clean Water Act Section 303(d): Impaired Waters and Total Maximum Daily Loads (TMDLs). (2014, September 26). US EPA. https://www.epa.gov/tmdl",https://www.epa.gov/tmdl,2022,"Section 303(d) of the Clean Water Act authorizes EPA to assist states, territories and authorized tribes in listing impaired waters and developing Total Maximum Daily Loads (TMDLs) for these waterbodies. A TMDL establishes the maximum amount of a pollutant allowed in a waterbody and serves as the starting point or planning tool for restoring water quality.",EPA,epa.gov,,-,-,-,-,X,-,-,-,-,-,-,-,-,-,-,-,-,-,-,-,-,-,-,-,-,-,-,-,-,-,-,-,-,-,-,-,-,-,-,-,-,-,-,-,-,-,-,-,-,-,X
2016 National Land Cover Database,MRLC,website,"Data. (n.d.). Multi-Resolution Land Characteristics (MRLC) Consortium. Retrieved January 11, 2023, from https://www.mrlc.gov/data",https://www.mrlc.gov/data,2016,"NLCD provides spatial reference and descriptive data for characteristics of the land surface such as thematic class (e.g., urban, agriculture, and forest), percent impervious surface, and percent tree canopy cover.",MRLC,mrlc.gov,,-,-,-,-,-,-,X,X,-,-,-,-,-,-,-,-,-,-,-,-,-,-,-,-,-,-,-,-,-,-,-,-,-,-,-,-,-,-,-,-,-,-,-,-,-,-,-,-,-,-,-
Ansys CFX (Ansys),ANSYS,software,"Ansys CFX. (2020, December 22). Ansys Inc. https://www.ansys.com/products/fluids/ansys-cfx",https://www.ansys.com/products/fluids/ansys-cfx,2022,"Computational fluid dynamics (CFD) software tools used to simulate and analyze fluid flow, heat transfer, and other related phenomena",ANSYS,ansys.com,,-,-,-,-,-,-,-,-,-,-,-,-,-,-,-,-,-,-,-,-,-,-,-,-,X,-,-,-,X,-,-,-,-,-,-,-,-,-,-,-,-,-,-,-,-,-,-,-,-,-,-
Ansys Fluent (Ansys),ANSYS,software,"Ansys Fluent. (2020, December 22). Ansys Inc. https://www.ansys.com/products/fluids/ansys-fluent",https://www.ansys.com/products/fluids/ansys-fluent,2022,"Computational fluid dynamics (CFD) software tools used to simulate and analyze fluid flow, heat transfer, and other related phenomena",ANSYS,ansys.com,,-,-,-,-,-,-,-,-,-,-,-,-,-,-,-,-,-,-,-,-,-,-,-,-,X,-,-,-,X,-,-,-,-,-,-,-,-,-,-,-,-,-,-,-,-,-,-,-,-,-,-
Atlas 14 Point Precipitation Frequency Estimates,NWS,website,"NOAA, U. (2018). Atlas 14 point precipitation frequency estimates. National Oceanic and Atmospheric Administration.",https://hdsc.nws.noaa.gov/hdsc/pfds/index.html,2018,"The Precipitation Frequency Data Server (PFDS) is a point-and-click interface developed to deliver NOAA Atlas 14 precipitation frequency estimates and associated information. Upon clicking a state on the map above or selecting a state name from the drop-down menu, an interactive map of that state will be displayed. From there, a user can identify a location for which precipitation frequency estimates are needed.",NWS,hdsc.nws.noaa.gov,X,X,-,-,X,-,-,-,-,-,-,-,-,-,-,-,-,-,-,-,-,-,-,-,-,-,-,-,-,-,-,-,-,-,-,-,-,-,-,-,-,-,-,-,-,-,-,-,-,-,-,-
Atlas 2 Precipitation Frequency Estimates,NWS,website,"Miller, J. F., Frederick, R. H., & Tracey, R. J. (1973). Precipitation-Frequency Atlas of the Western United States. Volume 3. Colorado.",https://hdsc.nws.noaa.gov/hdsc/pfds/index.html,1973,"The Precipitation Frequency Data Server (PFDS) is a point-and-click interface developed to deliver NOAA Atlas 14 precipitation frequency estimates and associated information. Upon clicking a state on the map above or selecting a state name from the drop-down menu, an interactive map of that state will be displayed. From there, a user can identify a location for which precipitation frequency estimates are needed.",NWS,hdsc.nws.noaa.gov,,X,-,-,X,-,-,-,-,-,-,-,-,-,-,-,-,-,-,-,-,-,-,-,-,-,-,-,-,-,-,-,-,-,-,-,-,-,-,-,-,-,-,-,-,-,-,-,-,-,-,-
BAGS: Bedload Assessment in Gravel-bedded Streams,USFS,spreadsheet,"USFS NSAEC. Retrieved January 11, 2023, from https://www.fs.usda.gov/biology/nsaec/",https://www.fs.fed.us/biology/nsaec/products-tools.html,2009,"BAGS is a spreadsheet-based program that predicts bed load transport using six well-known bed load transport equations developed specifically for gravel-bed rivers. Sediment transport estimates are calculated on the basis of field measurements of channel geometry, reach-average slope, and bed material grain size. Field data and other relevant input parameters are entered into the program sequentially through a series of prompts to the user. Calculations are carried out using Visual Basic for Applications and the output is stored on individual spreadsheets.",USFS,fs.fed.fed.us,,-,-,-,-,-,-,-,-,-,-,-,-,-,-,-,-,-,-,-,-,-,-,-,-,-,-,-,-,-,-,-,-,-,-,X,X,X,X,-,-,-,-,-,-,-,-,-,-,-,-,-
Bank Erosion Hazard Index (BEHI)/Near Bank Stress Calculation Spreadsheet,W Harman,spreadsheet,"Stream mechanics – restoring stream ecosystems. (n.d.). Retrieved January 11, 2023, from https://stream-mechanics.com",https://stream-mechanics.com/wp-content/uploads/2020/10/Bank-Erosion-Summary-Table-w-BEHI-and-NBS-forms-Template_10-20-2020.xlsx,2020,"This workbook is set up to record 20 banks. There are 20 BEHI forms, 20 NBS forms, and 20 rows for banks on the bank summary sheet. If you are recording more than 20 banks you will need to add more BEHI and NBS forms by copying the forms to new tabs. You will also need to insert extra rows on the bank summary sheet. The new forms and rows will not be automatically linked. ",Stream-Mechanics,stream-mechanics.com,,-,-,-,-,-,-,-,-,-,-,-,-,-,-,-,-,-,-,-,-,-,-,-,-,-,-,-,-,X,-,-,-,-,-,-,-,-,-,X,-,X,-,-,-,-,-,X,-,-,X,-
BSTEM Bank Stability and Toe Erosion Model,USDA,software,"Overview?: USDA ARS. (n.d.). Retrieved January 11, 2023, from https://www.ars.usda.gov/southeast-area/oxford-ms/national-sedimentation-laboratory/watershed-physical-processes-research/research/bstem/overview/",https://www.ars.usda.gov/southeast-area/oxford-ms/national-sedimentation-laboratory/watershed-physical-processes-research/research/bstem/overview/,2016,"The Bank Stability and Toe Erosion Model is a physically-based model.  It represents two distinct processes, namely, the failure by shearing of a soil block of variable geometry and the erosion by flow of bank and bank toe material.  The effect of toe erosion, vegetative treatments or other bank and bank toe protection measures can be illustrated by calculating the actual Factor of Safety (Fs) of the bank.  To obtain a Fs value or to accurately model toe",USDA,ars.usda.gov,,-,-,-,-,-,-,-,-,-,-,-,-,-,-,-,-,-,-,-,-,-,-,-,-,-,-,-,-,X,-,-,-,-,-,-,-,-,-,-,-,X,-,-,-,-,-,-,-,-,X,-
Evaluating the Stability of Large Wood Structures,USFS,spreadsheet,"USFS NSAEC. Retrieved January 11, 2023, from https://www.fs.usda.gov/biology/nsaec/",https://www.fs.usda.gov/biology/nsaec/index.html,2016,"Large logs are often placed in streams to benefit aquatic and riparian-dependent fish and wildlife as a part of stream restoration projects. When specifying the type of large wood structure to be used, restoration practitioners, planners, and local residents need to be assured that the constructed structures will likely remain in place under the expected conditions. To be considered stable, a structure must be able to resist hydraulic forces with an appropriate factor of safety. The design practitioner is typically forced to perform numerous complex and time-consuming calculations to achieve the desired level of safety, resulting in additional project time and expense. To assist these practitioners, an Excel spreadsheet tool was developed that applies computational equations and design guidelines to analyze virtually any proposed configuration of small-to-medium size structures.",USFS,fs.fed.us,,-,-,-,-,-,-,-,-,-,-,-,-,-,-,-,-,-,-,-,-,-,-,-,-,-,-,-,-,X,-,-,-,-,-,-,-,-,-,-,-,-,-,-,-,-,X,-,X,X,-,-
CulvertMaster,Bentley,software,"OpenFlows CulvertMaster: Culvert Hydraulic Software. (2022, June 1). Bentley Systems | Infrastructure Engineering Software Company. https://www.bentley.com/en/products/product-line/hydraulics-and-hydrology-software/culvertmaster",https://www.bentley.com/en/products/product-line/hydraulics-and-hydrology-software/culvertmaster,2022,"Analyze existing culverts and design new ones, from simple barrel crossings to complex embankment cross-drain systems, with different shapes and sizes, special tail water considerations, and roadway overtopping that considering watershed data, culvert characteristics, and even weir geometry.",Bentley,bentley.com,,-,-,-,-,-,-,-,-,-,-,-,-,-,-,-,-,-,-,-,-,-,-,-,-,-,X,-,-,-,-,-,-,-,-,-,-,-,-,-,-,-,-,-,-,-,-,-,-,-,-,-
Earth Explorer Aerials/EROS Archive,USGS,website,"Survey, U.-U. S. G. (n.d.). EarthExplorer. USGS - U.S. Geological Survey. Retrieved January 11, 2023, from https://earthexplorer.usgs.gov/",https://earthexplorer.usgs.gov/,2022,"The USGS Earth Explorer data portal is your one stop shop for obtaining geo-spatial datasets from our extensive collections. Users can navigate via interactive map or text search to obtain Landsat satellite imagery, Radar data, UAS data, digital line graphs, digital elevation model data, aerial photos, Sentinel satellite data, some commercial satellite imagery including IKONOS and OrbView3, land cover data, digital map data from the National Map, and many other datasets. Users can search by exact location via the interactive map or input specific coordinates to view what data types are available.",USGS,earthexplorer.usgs.gov,,-,-,-,-,-,-,-,-,X,-,-,-,-,-,-,-,-,-,-,-,-,-,-,-,-,-,-,-,-,-,-,-,-,-,-,-,-,-,-,-,-,-,-,-,-,-,-,-,-,-,-
EPA Storm Water Management Model (SWMM),EPA,software,"Storm water management model (SWMM). (2014, May 21). US EPA. https://www.epa.gov/water-research/storm-water-management-model-swmm",https://www.epa.gov/water-research/storm-water-management-model-swmm,2022,A dynamic hydrological simulation tool for urban stormwater systems.,EPA,epa.gov,,-,-,-,-,-,-,-,-,-,-,-,-,-,-,-,-,-,-,-,-,-,-,-,-,-,X,-,-,-,-,-,-,-,-,-,-,-,-,-,-,-,-,-,-,-,-,-,-,-,-,-
FEMA Map Service Center,FEMA,website,"FEMA Flood Map Service Center. (n.d.). Welcome! Retrieved January 11, 2023, from https://msc.fema.gov/portal/home",https://msc.fema.gov/portal/home,2022,"An online platform where users can access flood hazard maps, data and other related information provided by Federal Emergency Management Agency (FEMA)",FEMA,msc.fema,,-,-,X,X,-,-,-,-,-,-,-,-,-,-,-,-,-,-,-,-,-,-,-,-,-,-,-,-,-,-,-,-,-,-,-,-,-,-,-,-,-,-,-,-,-,-,-,-,-,-,-
FEMA National Flood Hazard Layer,FEMA,website,"National flood hazard layer. (n.d.). FEMA.Gov. Retrieved January 11, 2023, from https://www.fema.gov/flood-maps/national-flood-hazard-layer",https://www.fema.gov/flood-maps/national-flood-hazard-layer,2022,A data layer that provides information on flood hazards across the United States.,FEMA,fema.gov,,-,-,X,-,-,-,-,-,-,-,-,-,-,-,-,-,-,-,-,-,-,-,-,-,-,-,-,-,-,-,-,-,-,-,-,-,-,-,-,-,-,-,-,-,-,-,-,-,-,-,-
FishXing: Software and Learning Systems for Fish Passage Through Culvert,USFS,software,"USFS NSAEC. Retrieved January 11, 2023, from https://www.fs.usda.gov/biology/nsaec/",https://www.fs.usda.gov/biology/nsaec/index.html,2012,Software and Learning Systems for Fish Passage Through Culvert,USFS,fs.fed.us,,-,-,-,-,-,-,-,-,-,-,-,-,-,-,-,-,-,-,-,-,-,-,X,-,-,X,-,-,-,-,-,-,-,-,-,-,-,-,-,-,-,-,-,-,-,-,-,-,-,-,-
Flow Master,Bentley,software,"OpenFlows flowmaster: Hydraulic calculator. (2022, June 7). Bentley Systems | Infrastructure Engineering Software Company. https://www.bentley.com/en/products/product-line/hydraulics-and-hydrology-software/flowmaster",https://www.bentley.com/en/products/product-line/hydraulics-and-hydrology-software/flowmaster,2022,A software tool for water distribution systems modeling and analysis,Bentley,bentley.com,,-,-,-,-,-,-,-,-,-,-,-,-,-,-,-,-,-,-,-,-,X,X,X,-,-,X,-,X,X,-,-,-,-,-,-,-,-,-,-,-,-,-,-,-,-,-,-,-,-,-,-
Flow3D,Flow3D,software,"FLOW-3D. (2019, January 6). FLOW-3D. https://www.flow3d.com/",https://www.flow3d.com/,2022,a powerful computational fluid dynamics (CFD) software for simulating and analyzing complex engineering processes.,Flow3D,flow3d.com,,-,-,-,-,-,-,-,-,-,-,-,-,-,-,-,-,-,-,-,-,-,-,-,-,X,-,-,-,-,-,-,-,-,-,-,-,-,-,-,-,-,-,-,-,-,-,-,-,-,-,-
GAP/LANDFIRE National Terrestrial Ecosystems 2011,USGS,website,"U.S. Geological Survey Gap Analysis Project, 20160513, GAP/LANDFIRE National Terrestrial Ecosystems 2011: U.S. Geological Survey, https://doi.org/10.5066/F7ZS2TM0",https://www.usgs.gov/core-science-systems/science-analytics-and-synthesis/gap/science/introduction-land-cover-viewer?qt-science_center_objects=0#qt-science_center_objects,2022,"It's a dataset that provide information on the distribution of vegetation communities, species and types of land use and land cover.",USGS,usgs.gov,,-,-,-,-,-,-,-,X,-,-,-,-,-,-,-,-,-,-,-,-,-,-,-,-,-,-,-,-,-,-,-,-,-,-,-,-,-,-,-,-,-,-,-,-,-,-,-,-,-,-,-
Geospatial Data Gateway,NRCS,website,"USDA:NRCS:Geospatial Data gateway:home. (n.d.). Retrieved January 11, 2023, from https://datagateway.nrcs.usda.gov/",https://datagateway.nrcs.usda.gov/,2022,a portal that allows users to find and download geospatial data provided by multiple agencies.,NRCS,datagateway.nrcs.usda.gov,X,X,X,X,X,-,X,X,X,X,-,-,-,-,-,-,-,-,-,-,-,-,-,-,-,-,-,-,-,-,-,-,-,-,-,-,-,-,-,-,-,-,-,-,-,-,-,-,-,-,-,-
Guidelines for determining flow frequency Bulletin 17C,"JF England Jr., TA Cohn, B Faber",pdf,"England, J.F., Jr., Cohn, T.A., Faber, B.A., Stedinger, J.R., Thomas, W.O., Jr., Veilleux, A.G., Kiang, J.E., and Mason, R.R., Jr., 2018, Guidelines for determining flood flow frequency—Bulletin 17C (ver. 1.1, May 2019): U.S. Geological Survey Techniques and Methods, book 4, chap. B5, 148",https://pubs.er.usgs.gov/publication/tm4B5,2019,a document that provides guidelines for determining the frequency of different flow conditions.,USACE,pubs.er.usgs.gov,,-,-,-,-,-,-,-,-,-,-,-,-,X,-,-,X,-,-,-,-,-,-,-,-,-,-,-,-,-,-,-,-,-,-,-,-,-,-,-,-,-,-,-,-,-,-,-,-,-,-,-
HEC-HMS,HEC,software,"USACE (2000) Hydrologic Modeling System HEC-HMS User's Manual. Hydrologic Engineering Center, Davis, CA.",https://www.hec.usace.army.mil/software/hec-hms/,2022,"Hydrologic Engineering Center - Hydrologic Modeling System, it's a rainfall-runoff modeling tool.",USACE HEC,hec.usace.army.mil,,-,-,-,-,-,-,-,-,-,-,-,-,-,-,-,-,-,X,X,-,-,-,-,-,-,-,-,-,-,-,-,-,-,-,-,-,-,-,-,-,-,-,-,-,-,-,-,-,-,-,-
HEC-SSP,HEC,software,"Brunner, G., & Fleming, M. (2010). HEC-SSP Statistical Software Package. US Army Corps Eng. Inst. Water Resour. Hydrol. Eng. Cent. HEC. Available at: https://www. hec. usace. army. mil/software/hec-ssp.",https://www.hec.usace.army.mil/software/hec-ssp/,2022,"Hydrologic Engineering Center - Sedimentation and Stream Stability Model, it's a tool for modeling sediment transport.",USACE HEC,hec.usace.army.mil,,-,-,-,-,-,-,-,-,-,-,-,-,X,X,-,X,X,-,-,-,-,-,-,-,-,-,-,-,-,-,-,-,-,-,-,-,-,-,-,-,-,-,-,-,-,-,-,-,-,-,-
HEC-RAS ,HEC,software,"Brunner, G. W. (2002). Hec-ras (river analysis system). In North American water and environment congress & destructive water (pp. 3782-3787). ASCE.",https://www.hec.usace.army.mil/software/hec-ras/,2022,"Hydrologic Engineering Center - River Analysis System, it's a tool for river and water flow analysis.",USACE HEC,hec.usace.army.mil,,-,-,-,-,-,-,-,-,-,-,-,-,-,-,-,-,-,-,-,-,X,X,X,X,-,X,X,X,X,-,-,-,-,-,-,-,-,-,-,-,-,-,-,-,-,-,-,-,-,-,-
Interconnected Pond Routing (ICPR) model,Streamnologies,software,"ICPR 4 – Streamline Technologies, Inc. (n.d.). Retrieved January 11, 2023, from https://streamnologies.com/content/index.php/about-icpr-4/",https://streamnologies.com/content/index.php/about-icpr-4/,2022,a mathematical model for simulating water flow in interconnected pond systems.,Streamnologies,streamnologies.com,,-,-,-,-,-,-,-,-,-,-,-,-,-,-,-,-,-,X,X,-,X,X,X,-,-,X,X,-,-,-,-,-,-,-,-,-,-,-,-,-,-,-,-,-,-,-,-,-,-,-,-
Iowa DNR Stream Restoration Toolbox,IOWA DNR,website,"River Restoration Toolbox. (n.d.). Iowa DNR. Retrieved January 11, 2023, from https://www.iowadnr.gov/Environmental-Protection/Water-Quality/River-Restoration/River-Restoration-Toolbox",https://www.iowadnr.gov/Environmental-Protection/Water-Quality/River-Restoration/River-Restoration-Toolbox,2022,a collection of tools for stream restoration planning and design provided by the Iowa Department of Natural Resources.,Iowa DNR,iowadnr.gov,,-,-,-,-,-,-,-,-,-,-,-,-,-,-,-,-,-,-,-,-,-,-,-,-,-,-,-,-,-,-,-,-,-,-,-,-,-,-,-,-,-,X,X,-,X,X,X,X,-,X,X
Large Woody Debris Field Data and Asssesment,Stream Mechanics,spreadsheet,"Resources – stream mechanics. (n.d.). Retrieved January 11, 2023, from https://stream-mechanics.com/resources/",https://stream-mechanics.com/resources/,2022,a dataset and tool for assessing large woody debris in streams and rivers.,Stream Mechanics,stream-mechanics.com,,-,-,-,-,-,-,-,-,-,-,-,-,-,-,-,-,-,-,-,-,-,-,-,-,-,-,-,-,-,-,-,-,-,-,-,-,-,-,-,-,-,-,-,-,X,-,-,-,X,-,-
LiDAR and Topo Data Access Viewer,NOAA,website,"NOAA: Data access viewer. (n.d.). NOAA: Data Access Viewer. Retrieved January 11, 2023, from https://coast.noaa.gov/dataviewer/",https://coast.noaa.gov/dataviewer/#/,2022,a viewer for LiDAR and topographic data provided by multiple organizations.,NOAA,coast.noaa.gov,,-,-,-,-,-,X,-,X,X,-,-,-,-,-,-,-,-,-,-,-,-,-,-,-,-,-,-,-,-,-,-,-,-,-,-,-,-,-,-,-,-,-,-,-,-,-,-,-,-,-,-
LogPearson Frequency Analysis Spreadsheet for Analyses of Gage Records,USFS,spreadsheet,"USFS NSAEC. Retrieved January 11, 2023, from https://www.fs.usda.gov/biology/nsaec/",https://www.fs.usda.gov/biology/nsaec/products-tools.html,2015,"Engineering projects along stream corridors require flow frequency estimates for their designs. Where sufficient streamgage data are available, the likely best method for developing flow frequency relationships are from statistical analyses of streamgage data. The standard procedure for developing these estimates use the logPearson frequency analysis, as detailed in Bulletin 17B (Interagency Advisory Committee on Water Data 1982). This spreadsheet tool was developed to implement the analysis procedures detailed in Bulletin 17B.",USFS,fs.usda.gov,,-,-,-,-,-,-,-,-,-,X,-,-,X,-,-,X,-,-,-,X,-,-,-,-,-,-,-,-,-,-,-,-,-,-,-,-,-,-,-,-,-,-,-,-,-,-,-,-,-,-,-
National Hydrography Dataset,USGS,website,"U.S. Geological Survey, 2019, National Hydrography Dataset (ver. USGS National Hydrography Dataset Best Resolution (NHD) for Hydrologic Unit (HU) 4 - 2001 (published 20191002)), accessed October 23, 2019 at URL https://www.usgs.gov/national-hydrography/access-national-hydrography-products",https://www.usgs.gov/national-hydrography/national-hydrography-dataset,2019,a dataset that provides detailed information on the nation's surface water features.,USGS,usgs.gov,,-,-,X,-,-,X,-,-,-,-,-,-,-,-,-,-,-,-,-,-,-,-,-,-,-,-,-,-,-,-,-,-,-,-,-,-,-,-,-,-,-,-,-,-,-,-,-,-,-,-,-
National River Restoration Science Synthesis (NRRSS),ES Bernhardt,website,"Bernhardt, E. S. (2005). National River Restoration Science Synthesis (NRRSS) statistics page for all node areas. US Geological Survey. Available: nrrss. nbii. gov.(December 2005).",https://github.com/khondula/nrrss,2005,a synthesis of river restoration science and practices in the United States,Palmer,github.com,,-,-,-,-,-,-,-,-,-,-,-,-,-,-,-,-,-,-,-,-,-,-,-,-,-,-,-,-,-,-,-,-,-,-,-,-,-,-,-,-,-,-,-,-,-,-,-,-,-,-,X
National Streamflow Statistics Program (NSS),"PR Hummel, MJ Gray",software,"Hummel, P. R., Gray, M. J., Dusenbury, R., Jennings, M. E., Kirby, W. H., Riggs, H. C., ... & Thomas Jr, W. O. (2007). The National Streamflow Statistics Program: A Computer Program for Estimating Streamflow Statistics for Ungaged Sites (No. 4-A6).",https://water.usgs.gov/software/NSS/,2022,a program that provides statistics on streamflow in the United States.,USGS,water.usgs.gov,,-,-,-,-,-,-,-,-,-,X,X,X,X,X,-,X,-,-,-,-,-,-,-,-,-,-,-,-,-,-,-,-,-,-,-,-,-,-,-,-,-,-,-,-,-,-,-,-,-,-,-
National Water Information System Mapper,USGS,website,"Water resources of the united states—national water information system (NWIS) mapper. (n.d.). USGS - U.S. Geological Survey, Water Resources. Retrieved January 11, 2023, from https://maps.waterdata.usgs.gov/mapper/index.html",https://maps.waterdata.usgs.gov/mapper/index.html,2022,A web-based mapping application that allows users to access water data provided by the USGS,USGS,maps.waterdata.usgs.gov,X,-,-,-,-,-,-,-,-,-,X,X,X,X,-,-,X,-,-,-,-,-,-,-,-,-,-,-,-,-,-,-,-,-,-,-,-,-,-,-,-,-,-,-,-,-,-,-,-,-,-,-
National Weather Service River Forecast and Flood Stage Center,NOAA,website,"US Department of Commerce, NOAA, National Weather Service. (n.d.). NOAA - National Weather Service. Water. Retrieved January 11, 2023, from https://water.weather.gov/ahps/forecasts.php",https://water.weather.gov/ahps/forecasts.php,2022,"A web-based system that provides river forecast, flood stages and other related information",NOAA,water.weather.gov,X,-,-,-,-,-,-,-,-,-,X,X,X,-,-,-,-,-,-,-,-,-,-,-,-,-,-,-,-,-,-,-,-,-,-,-,-,-,-,-,-,-,-,-,-,-,-,-,-,-,-,-
North Carolina Flood Risk Information System (FRIS) (NC),NC Gov,website,"Flood risk information system. (n.d.). Retrieved January 11, 2023, from https://fris.nc.gov/fris",https://fris.nc.gov/fris/Index.aspx?ST=NC,2022,A system providing flood hazard and risk information for North Carolina.,North Carolina Gov,fris.nc.gov,,-,-,X,-,-,-,-,-,-,X,-,-,-,-,-,-,-,-,-,-,-,-,-,-,-,-,-,-,-,-,-,-,-,-,-,-,-,-,-,-,-,-,-,-,-,-,-,-,-,-,-
OpenFOAM,OpenFOAM,software,"OpenFOAM. (n.d.). OpenFOAM. Retrieved January 11, 2023, from https://www.openfoam.com/",https://www.openfoam.com/,2022,open-source software for computational fluid dynamics (CFD) simulation,OpenFOAM,openfoam.com,,-,-,-,-,-,-,-,-,-,-,-,-,-,-,-,-,-,-,-,-,-,-,-,-,X,-,-,-,-,-,-,-,-,-,-,-,-,-,-,-,-,-,-,-,-,-,-,-,-,-,-
PeakFQ,USGS,software,"PeakFQ - Flood-Frequency analysis. (n.d.). USGS. Retrieved January 11, 2023, from https://water.usgs.gov/software/PeakFQ/",https://water.usgs.gov/software/PeakFQ/,2022,tool for estimating the frequency of peak streamflows.,USGS,water.usgs.gov,,-,-,-,-,-,-,-,-,-,-,-,X,X,X,-,X,-,-,-,-,-,-,-,-,-,-,-,-,-,-,-,-,-,-,-,-,-,-,-,-,-,-,-,-,-,-,-,-,-,-,-
Pebble Count Analyzer,USFS,spreadsheet,"USFS NSAEC. Retrieved January 11, 2023, from https://www.fs.usda.gov/biology/nsaec/",https://www.fs.usda.gov/biology/nsaec/products-tools.html,2007,"This Excel spreadsheet was developed to assist with the analysis of pebble count data tallied by size class. The spreadsheet helps users estimate sample size, enter field data tallied by size class, produce tables and graphs, and perform statistical analysis using contingency tables and the Pearson chi-squared statistic. After downloading, to execute the spreadsheet users must select ""Enable Macros"" for the spreadsheet to function properly.",USFS,fs.usda.gov,,-,-,-,-,-,-,-,-,-,-,-,-,-,-,-,-,-,-,-,-,-,-,X,-,-,-,X,-,-,-,-,-,-,-,-,-,-,-,-,-,-,-,-,-,-,-,-,-,-,-,-
PondPack,Bentley,software,"Bentley Software. (2022, July 5). Bentley Systems | Infrastructure Engineering Software Company. https://www.bentley.com/en/products/product-line/hydraulics-and-hydrology-software/pondpack",https://www.bentley.com/en/products/product-line/hydraulics-and-hydrology-software/pondpack,2022,a tool for modeling and analyzing pond hydrodynamics.,Bentley,bentley.com,,-,-,-,-,-,-,-,-,-,-,-,-,-,-,-,-,X,X,-,-,-,-,-,-,-,-,-,-,-,-,-,-,-,-,-,-,-,-,-,-,-,-,-,-,-,-,-,-,-,-,-
Probable Maximum Precipitation,NOAA,website,"US Department of Commerce, NOAA, National Weather Service. (n.d.). HDSC PMP documents. Retrieved January 11, 2023, from https://www.weather.gov/owp/hdsc_pmp",https://www.weather.gov/owp/hdsc_pmp,2022,a method for estimating the maximum precipitation that can be expected to occur in a given area.,NOAA,nws.noaa.gov,,X,-,X,X,-,-,-,-,-,-,X,-,-,-,-,-,-,X,-,-,-,-,-,-,-,-,-,-,-,-,-,-,-,-,-,-,-,-,-,-,-,-,-,-,-,-,-,-,-,-,-
R2Cross: Web-Based Decision Support Tool for Instream Flows,Colorado State University,website,"R2Cross. (n.d.). Retrieved January 11, 2023, from https://r2cross.erams.com/",https://r2cross.erams.com/,2021,Web-Based Decision Support Tool for Instream Flows,Colorado State University,r2cross.erams.com,,-,-,-,-,-,-,-,-,-,-,X,X,-,X,-,-,-,-,-,-,-,-,-,-,-,-,-,-,-,-,-,-,-,-,-,-,-,-,-,-,-,-,-,-,-,-,-,-,-,-,-
Reference Reach Spreadsheet,NRCS,spreadsheet,"Resources – stream mechanics. (n.d.). Retrieved January 11, 2023, from https://stream-mechanics.com/resources/",https://stream-mechanics.com/resources/,2022,a spreadsheet-based tool for calculating reference reach characteristics for streams and rivers.,NRCS,stream-mechanics.com,,-,-,-,-,-,-,-,-,-,-,-,-,-,-,-,-,-,-,-,-,-,-,-,-,-,-,-,-,-,-,-,-,-,-,-,-,-,-,-,-,-,X,-,-,-,-,X,-,-,-,-
Regional Regressions by State,USGS,website,"USGS NSS Program. (n.d.). Retrieved January 11, 2023, from https://water.usgs.gov/osw/programs/nss/pubs.html",https://water.usgs.gov/osw/programs/nss/pubs.html,2022,"a dataset that provides information on the distribution of vegetation communities, species and types of land use",USGS,water.usgs.gov,,-,-,-,X,-,-,-,-,-,-,-,-,X,X,X,X,-,-,-,X,-,-,-,-,-,-,-,-,-,-,-,-,-,-,-,-,-,-,-,-,-,-,-,-,-,-,-,-,-,-,-
RiverMorph,Stantec,software,"RIVERMorph. (n.d.). RIVERMorph. Retrieved January 11, 2023, from http://www.rivermorph.com/",http://www.rivermorph.com/,2022,a tool for river channel morphology analysis and prediction.,Stantec,http://www.rivermorph,,-,-,-,-,-,-,-,-,-,-,-,-,-,-,-,-,-,-,-,-,-,-,-,-,-,-,-,-,-,-,-,-,-,-,-,-,-,-,-,-,-,-,-,-,-,-,X,-,-,-,-
RiverRAT River Restoration Analysis Tool,NOAA,spreadsheet,"NOAA River RAT. Retrieved January 11, 2023, from https://www.webapps.nwfsc.noaa.gov/",https://www.webapps.nwfsc.noaa.gov/apex/f?p=275:1,2022,a tool that helps stream and river restoration practitioners assess the potential effectiveness of restoration designs.,NOAA,webapps.nwfsc.noaa.gov,,-,-,-,-,-,-,-,-,-,-,-,-,-,-,-,-,-,-,-,-,-,-,-,-,-,-,-,-,-,-,-,-,-,-,-,-,-,-,-,-,-,-,-,-,-,-,-,-,-,-,X
SNOTEL (NRCS Snowpack Telemetry),NRCS,software,"SNOTEL NRCS Snowpack Telemetry. Retrieved January 11, 2023, from https://www.wcc.nrcs.usda.gov/snow/",https://www.wcc.nrcs.usda.gov/snow/,2022,a system that provides real-time snowpack and related climate data for the western United States.,NRCS,nrcs.usda.gov,,-,-,-,X,-,-,-,-,-,-,-,-,-,-,-,-,-,-,-,-,-,-,-,-,-,-,-,-,-,-,-,-,-,-,-,-,-,-,-,-,-,-,-,-,-,-,-,-,-,-,-
Stream Channel Flow Resistance Coefficient Computation Tool (2018-2),USFS,spreadsheet,"USFS NSAEC. Retrieved January 11, 2023, from https://www.fs.usda.gov/biology/nsaec/",https://www.fs.usda.gov/biology/nsaec/index.html,2018,a tool for computing stream channel flow resistance coefficients.,USFS,fs.fed.us,,-,-,-,-,-,-,-,-,-,-,-,-,-,-,-,-,-,-,-,-,-,-,-,-,-,-,X,-,-,-,-,-,-,-,-,-,-,-,-,-,-,-,-,-,-,-,-,-,-,-,-
Stream Corridor Restoration Working Group H&H Tools,USDA,website,"Stream corridor restoration tools. (n.d.). US EPA. Retrieved January 11, 2023, from https://cfpub.epa.gov/watertrain/module.cfm?module_id=39&object_id=748",https://www.nrcs.usda.gov/wps/portal/nrcs/detailfull/national/water/manage/hydrology/?cid=stelprdb1042480,2022,a collection of tools for stream corridor restoration planning and design provided by the Stream Corridor Restoration Working Group.,USDA,nrcs.usda.gov,X,-,-,-,-,-,-,-,-,-,-,-,-,-,-,-,X,-,X,X,X,X,-,X,-,-,-,-,-,X,-,-,-,-,-,-,-,-,-,-,-,-,X,X,-,-,-,-,X,-,X,-
Streamstats,USGS,website,"USGS StreamStats. Retrieved January 11, 2023, from https://streamstats.usgs.gov/ss/",https://streamstats.usgs.gov/ss/,2022,a web-based application that allows users to access streamflow statistics and other related information,USGS,streamstats.usgs,X,-,-,-,X,-,-,-,-,-,-,X,-,X,X,-,X,-,-,-,X,-,-,-,-,-,-,-,-,-,-,-,-,-,-,-,-,-,-,-,-,-,-,-,-,-,-,-,-,-,-,-
SWAT Soil and Water Assessment Tool,EPA,software,"Arnold, J. (1994). SWAT-soil and water assessment tool.",https://cfpub.epa.gov/si/si_public_record_report.cfm?Lab=&direntryid=2921,2022,a tool for simulating the impacts of land use and management practices on water and related resources,EPA,cfpub.epa.gov,,-,-,-,-,-,-,-,-,-,-,-,-,-,-,-,-,-,-,-,-,-,-,X,-,-,-,-,-,-,-,X,-,-,-,-,-,-,-,-,-,-,-,-,-,-,-,-,-,-,-,-
The National Map,USGS,website,"U.S. Geological Survey, 2019, USGS TNM Hydrography (NHD), accessed June 7, 2019 at URL https://apps.nationalmap.gov/services/.",https://www.usgs.gov/core-science-systems/national-geospatial-program/national-map,2022,a web-based mapping application that allows users to access geospatial data provided by multiple agencies.,USGS,usgs.gov,X,X,X,X,X,X,X,X,X,X,-,-,-,-,-,-,-,-,-,-,-,-,-,-,-,-,-,-,-,-,-,-,-,-,-,-,-,-,-,-,-,-,-,-,-,-,-,-,-,-,-,-
TIGER Road Database,Census,website,"TigerWEB. esri. (n.d.). Retrieved January 11, 2023, from https://tigerweb.geo.census.gov/tigerweb/ ",https://tigerweb.geo.census.gov/tigerweb/,2022,a database of roads and transportation features provided by the US Census Bureau.,Census,tigerweb.geo.census.gov,,-,-,-,-,-,-,-,X,-,-,-,-,-,-,-,-,-,-,-,-,-,-,-,-,-,-,-,-,-,-,-,-,-,-,-,-,-,-,-,-,-,-,-,-,-,-,-,-,-,-,-
TUFLOW,TUFLOW,software,"Tuflow. Flood, Urban Stormwater, Coastal and Water Quailty computer modelling software. (n.d.). Retrieved January 11, 2023, from https://www.tuflow.com/ ",https://www.tuflow.com/,2022,a two-dimensional numerical model for simulating free-surface flow.,TUFLOW,tuflow.com,,-,-,-,-,-,-,-,-,-,-,-,-,-,-,-,-,-,-,-,-,-,-,-,X,-,-,-,-,X,-,-,-,-,-,-,-,-,-,-,-,-,-,-,-,-,-,-,-,-,-,-
USFS National Stream and Aquatic Ecology Center Tools,USFS,website,"USFS NSAEC. Retrieved January 11, 2023, from https://www.fs.usda.gov/biology/nsaec/",https://www.fs.fed.us/biology/nsaec/index.html,2022,collection of tools for stream and aquatic ecology provided by the United States Forest Service.,USFS,fs.usda.gov,X,-,-,-,-,-,-,-,-,-,-,-,-,-,-,-,-,-,X,-,X,-,-,X,-,-,-,X,-,X,-,-,X,X,-,X,X,X,-,X,-,X,-,-,-,-,X,-,-,X,X,-
Water Data USGS,USGS,website,"USGS Water Data Program. (n.d.). Retrieved January 11, 2023, from https://waterdata.usgs.gov/nwis",https://waterdata.usgs.gov/nwis,2022,a web-based system that allows users to access water data provided by the USGS,USGS,waterdata.usgs.gov,X,-,-,-,-,-,-,-,-,-,X,X,X,X,-,-,-,-,-,-,-,-,-,-,-,-,-,-,-,-,-,-,-,-,-,-,-,-,-,-,-,-,-,-,-,-,-,-,-,-,-,-
Web Soil Survey,USDA,website,"NRCS Web Soil Survey. (n.d.). Retrieved January 11, 2023, from https://websoilsurvey.sc.egov.usda.gov/App/HomePage.htm",https://websoilsurvey.sc.egov.usda.gov/App/HomePage.htm,2022,a web-based application that allows users to access soil survey information provided by the NRCS,USDA,websoilsurvey.sc.egov.usda.gov,X,-,X,-,-,-,-,-,-,-,-,-,-,-,-,-,-,-,-,-,-,-,-,-,-,-,-,-,-,-,-,-,-,-,-,-,-,-,-,-,-,-,-,-,-,-,-,-,-,-,-,-
WildCat5,USFS,software,"USFS NSAEC. Retrieved January 11, 2023, from https://www.fs.usda.gov/biology/nsaec/",https://www.fs.usda.gov/biology/nsaec/index.html,2016,a tool for simulating the impacts of wildfire on catchments and streams.,USFS,fs.usda.gov,,-,-,-,-,-,-,-,-,-,-,-,-,-,-,-,-,-,X,-,X,-,-,-,-,-,-,-,-,-,-,-,-,-,-,-,-,-,-,-,-,-,-,-,-,-,-,-,-,-,-,-
Win TR-55,NRCS,software,"NRCS Win TR-55. (n.d.). Retrieved January 11, 2023, from https://www.nrcs.usda.gov/wps/portal/nrcs/detailfull/national/water/?cid=stelprdb1042901",https://data.nal.usda.gov/dataset/small-watershed-hydrology-wintr-55,2019,a tool for calculating runoff and infiltration using the TR-55 method.,NRCS,nrcs.usda.gov,,-,-,-,-,-,-,-,-,-,-,-,-,-,-,-,-,-,X,-,X,-,-,-,-,-,-,-,-,-,-,-,-,-,-,-,-,-,-,-,-,-,-,-,-,-,-,-,-,-,-,-
WinXSPRO: A Channel Cross-Section Analyzer,USFS,software,"USFS NSAEC. Retrieved January 11, 2023, from https://www.fs.usda.gov/biology/nsaec/",https://www.fs.usda.gov/biology/nsaec/index.html,2005,A Channel Cross-Section Analyzer,USFS,fs.usda.gov,,-,-,-,-,-,-,-,-,-,-,-,-,-,-,-,-,-,-,-,-,X,X,X,-,-,-,-,-,X,-,-,-,-,-,-,-,-,-,-,-,-,-,-,-,-,-,-,-,-,-,-
"Wood Jam Dynamics, WooDDAM (2018-3)",USFS,spreadsheet,"USFS NSAEC. Retrieved January 11, 2023, from https://www.fs.usda.gov/biology/nsaec/",https://www.fs.usda.gov/biology/nsaec/index.html,2018,a tool for assessing wood jam dynamics in streams and rivers.,USFS,fs.usda.gov,,-,-,-,-,-,-,-,-,-,-,-,-,-,-,-,-,-,-,-,-,-,-,X,-,-,-,-,-,-,-,-,-,-,-,-,-,-,-,-,-,-,-,-,-,-,X,-,-,X,X,-
WSPro,USGS,software,"Shearman, J.O., 1990, HY-7 - User's manual for WSPRO - a computer model for water surface profile computations: U.S. Federal Highway Administration Report FHWA-IP-89-027, 177 p.",https://water.usgs.gov/software/WSPRO/,1988,a tool for water supply systems modeling and analysis,USGS,water.usgs.gov,,-,-,-,-,-,-,-,-,-,-,-,-,-,-,-,-,-,-,-,-,X,X,X,-,-,-,-,-,-,X,-,-,-,-,-,-,-,-,-,-,-,-,-,-,-,-,-,-,-,-,-
"XPSWMM (Sanitary, Storm and Flood Modeling Software)",USFS,software,"XPSWMM. Retrieved January 11, 2023, from https://www.innovyze.com/en-us/products/xpswmm",https://www.innovyze.com/en-us/products/xpswmm,2022,"a software for modeling sanitary and stormwater systems, as well as floodplain mapping and analysis",USFS,innovyze.com,,-,-,-,-,-,-,-,-,-,-,-,-,-,-,-,-,-,-,-,-,-,-,X,X,-,X,-,-,-,-,-,-,-,-,-,-,-,-,-,-,-,-,-,-,-,-,-,-,-,-,-
